Model,Accuracy,F1_Macro,F1_Weighted
AfroXLMR,0.5053258145363408,0.2613488639929381,0.36108010978526806
AfriBERTa,0.5103383458646616,0.3056371736415395,0.39760828425879496
Ensemble (Average),0.5122180451127819,0.28239298547906116,0.38028943398158355
